﻿<?xml version="1.0" encoding="UTF-8"?>
<root>
  <item name="BattleConfig" md5="36941403ed349cbe04f6e7a273ba9e4a" />
  <item name="DisOrderModeExtra" md5="66afaa512872b86f1b21b1e60269dbf4" />
  <item name="Document" md5="4726cc80dd3586cf0a24fa85291c5cb8" />
  <item name="EquipModeExtra" md5="97553a2cbc7498f0e139558b2e60f315" />
  <item name="GuideModeExtra" md5="77b4c95722a8f3d6e3c14f10b27813f6" />
  <item name="LoadRes_Preload" md5="8af45d179304d0c108948eb7e9ccbbcf" />
  <item name="SingleSurvivalModeExtra" md5="af3da4cd668aec4c49523b36809e0de6" />
  <version name="563.2" />
</root>